vertices,time
5,3768832
5,18997
5,13829
5,10197
5,9638
5,9987
5,11873
5,5657
5,9429
5,8730
5,4679
5,11525
5,9429
5,8381
5,7683
5,4819
5,9079
5,11594
5,4819
5,7263
5,6635
5,4819
5,6146
5,9010
5,12083
5,7473
5,9150
5,4749
5,9149
5,10826
5,4260
5,4749
5,9010
5,4330
5,10896
5,11524
5,5727
5,3842
5,4749
5,7962
5,6775
5,9359
5,10616
5,7962
5,4819
5,4680
5,7752
5,9499
5,6705
5,9708
5,9988
5,6704
5,5727
5,9428
5,14039
5,9429
5,8172
5,8591
5,5169
5,4750
5,4680
5,6705
5,8102
5,10546
5,4680
5,11873
5,4330
5,11315
5,9639
5,9429
5,4330
5,9010
5,6775
5,8521
5,13760
5,4820
5,8521
5,4400
5,4331
5,4400
5,8032
5,8241
5,8660
5,4749
5,12922
5,5098
5,10616
5,11874
5,4750
5,6216
5,10895
5,11105
5,11454
5,8032
5,4330
5,7962
5,4400
5,8940
5,12083
5,9429
10,22419
10,51126
10,42535
10,52871
10,45608
10,26121
10,15854
10,23816
10,25703
10,25144
10,48262
10,19557
10,25773
10,54408
10,31220
10,23397
10,24795
10,53500
10,45328
10,28636
10,50008
10,43094
10,62859
10,42675
10,41906
10,10966
10,55875
10,40719
10,15296
10,35340
10,53012
10,30801
10,20883
10,25353
10,39043
10,18089
10,27099
10,43862
10,29614
10,35760
10,15157
10,58460
10,50148
10,36319
10,23327
10,53640
10,28566
10,25633
10,22489
10,23886
10,48890
10,49938
10,29963
10,32478
10,35410
10,46725
10,68796
10,33386
10,31010
10,11105
10,39461
10,50078
10,19905
10,35760
10,28846
10,56364
10,28566
10,34293
10,29195
10,27938
10,27169
10,38135
10,45747
10,27589
10,11315
10,46725
10,11036
10,28147
10,12782
10,31011
10,41278
10,35830
10,45468
10,34363
10,47912
10,30521
10,48192
10,56225
10,60275
10,24306
10,14807
10,32477
10,61882
10,58180
10,55735
10,81927
10,43932
10,44351
10,38554
10,50916
15,130119
15,85348
15,110074
15,158684
15,123484
15,85907
15,84022
15,50287
15,131167
15,78015
15,174819
15,122995
15,105953
15,151700
15,59995
15,108257
15,60275
15,94917
15,181454
15,137452
15,115382
15,128861
15,87235
15,120899
15,135706
15,67190
15,85419
15,134798
15,146602
15,97292
15,102670
15,67749
15,125230
15,143389
15,126347
15,121808
15,152678
15,145763
15,67678
15,68098
15,121597
15,79552
15,119991
15,97712
15,80040
15,81577
15,83044
15,139058
15,135077
15,94429
15,111052
15,122505
15,67888
15,64396
15,101902
15,107419
15,44211
15,102460
15,117058
15,96384
15,194655
15,84440
15,141643
15,62370
15,192698
15,130887
15,91425
15,104067
15,113216
15,63418
15,92961
15,107559
15,112378
15,44351
15,156171
15,121597
15,53640
15,41417
15,82067
15,127045
15,124042
15,195423
15,34084
15,115941
15,100994
15,80180
15,61532
15,52173
15,116290
15,91356
15,83044
15,156590
15,105254
15,124042
15,69914
15,109235
15,116149
15,44699
15,48331
15,86816
20,143459
20,277558
20,148139
20,193886
20,299001
20,221824
20,258561
20,237399
20,195841
20,242217
20,334970
20,141642
20,144367
20,266873
20,99108
20,177892
20,429189
20,199963
20,230973
20,305077
20,242148
20,343351
20,185924
20,177403
20,207575
20,301166
20,348450
20,226153
20,220915
20,260237
20,124112
20,333783
20,247945
20,117826
20,176494
20,178102
20,210369
20,270644
20,291946
20,306613
20,265965
20,218052
20,200381
20,299490
20,261355
20,305846
20,199962
20,180615
20,290480
20,203804
20,128583
20,186273
20,213792
20,196959
20,251786
20,274206
20,151351
20,260447
20,193117
20,220845
20,281889
20,331198
20,145624
20,269666
20,216236
20,367936
20,774077
20,216585
20,203385
20,170767
20,152887
20,226643
20,231811
20,309687
20,267850
20,299070
20,89749
20,719529
20,225316
20,253043
20,98689
20,255698
20,248504
20,321420
20,135077
20,227970
20,196052
20,182082
20,256676
20,280282
20,86815
20,260796
20,205690
20,183409
20,208832
20,205480
20,160291
20,108746
20,120341
20,337624
25,297533
25,281470
25,448256
25,452377
25,248014
25,289572
25,399645
25,701300
25,786998
25,419202
25,320792
25,535002
25,439456
25,387632
25,709053
25,664283
25,143458
25,559936
25,371777
25,264149
25,612668
25,467393
25,321490
25,480245
25,565175
25,421157
25,554698
25,504340
25,635927
25,572578
25,428700
25,254580
25,531510
25,482410
25,375689
25,336647
25,679160
25,360602
25,531929
25,409005
25,356761
25,428421
25,377016
25,563219
25,162317
25,653597
25,698018
25,240053
25,358577
25,585429
25,479547
25,223988
25,318417
25,444135
25,454333
25,391543
25,590877
25,388820
25,300397
25,207365
25,391055
25,669731
25,511185
25,523199
25,596325
25,422763
25,424858
25,359834
25,494633
25,272390
25,383861
25,727211
25,441970
25,825412
25,256187
25,493026
25,347053
25,392452
25,441761
25,314855
25,662537
25,225176
25,226363
25,720158
25,308290
25,555187
25,345656
25,383861
25,254790
25,271831
25,289991
25,292924
25,407328
25,401252
25,481921
25,471095
25,339091
25,590109
25,619443
25,346424
30,480245
30,581588
30,851394
30,502944
30,828345
30,743067
30,513351
30,820313
30,903497
30,1192440
30,573206
30,1602562
30,643400
30,779385
30,890716
30,1009729
30,835051
30,976344
30,736361
30,616300
30,644866
30,866689
30,746069
30,811932
30,738107
30,1047514
30,683559
30,700602
30,564826
30,458383
30,1154725
30,410191
30,447418
30,817868
30,825971
30,480943
30,578445
30,862080
30,787417
30,879820
30,1028378
30,802224
30,841895
30,588991
30,365771
30,1034734
30,980884
30,650035
30,334830
30,705141
30,776591
30,1035431
30,571810
30,429259
30,1101434
30,673782
30,472912
30,1272271
30,732310
30,886315
30,614624
30,1045419
30,878773
30,723510
30,930247
30,531720
30,623285
30,566990
30,1310126
30,1037038
30,888481
30,1553043
30,622935
30,899097
30,518100
30,1345467
30,932762
30,850067
30,1064627
30,735942
30,1003165
30,702557
30,721206
30,1122038
30,920819
30,651292
30,795240
30,925219
30,840079
30,911878
30,1391565
30,438268
30,352081
30,572089
30,575093
30,667286
30,1119943
30,632574
30,679508
30,879261
35,815843
35,1645237
35,1614296
35,480734
35,1609966
35,1752587
35,1369913
35,837425
35,1508413
35,1640836
35,1541449
35,992967
35,629221
35,1831230
35,1524268
35,1813700
35,1127067
35,4402104
35,1656831
35,1268430
35,994713
35,1325912
35,1073148
35,1304889
35,1058410
35,1240772
35,993525
35,906500
35,1675060
35,1180566
35,1098640
35,1200472
35,8514147
35,1490254
35,1503175
35,857470
35,636275
35,1077408
35,842663
35,828834
35,1856862
35,1140546
35,1506946
35,908945
35,966845
35,1563450
35,1393520
35,833235
35,1206269
35,1495910
35,1520356
35,1532998
35,1362090
35,1147530
35,1193208
35,1375710
35,1689796
35,1510718
35,2198818
35,908107
35,1174979
35,1037736
35,1811674
35,1332756
35,1001279
35,1431725
35,709960
35,905942
35,1806925
35,918304
35,1861472
35,1772492
35,1183849
35,1236931
35,879681
35,1059877
35,1006866
35,1275136
35,774635
35,2161520
35,2035872
35,1612830
35,1026073
35,1782689
35,1144598
35,1050308
35,1483618
35,731752
35,834213
35,748445
35,815634
35,1446881
35,1734217
35,858448
35,1409025
35,1562472
35,1130768
35,1099060
35,1017063
35,1180008
40,688518
40,1716267
40,1403996
40,2349330
40,2246031
40,1028867
40,1652919
40,1698597
40,3143731
40,2587358
40,1609825
40,2127717
40,2389979
40,2433213
40,2737940
40,2040552
40,1991521
40,2330752
40,1361043
40,1260747
40,1498216
40,2724391
40,2778450
40,2261118
40,1484806
40,3371841
40,2068559
40,1829344
40,1759501
40,2197281
40,2575065
40,1556814
40,2068768
40,1466227
40,2006748
40,2365604
40,2014570
40,2050609
40,2706859
40,2911711
40,1072169
40,1665910
40,2506688
40,1798473
40,3725878
40,1885010
40,1986074
40,1418314
40,2712447
40,4664716
40,1467554
40,2326701
40,1704255
40,2846337
40,1480545
40,2056406
40,2332149
40,2514580
40,1165271
40,1447859
40,941212
40,1856094
40,2342835
40,1585660
40,2552366
40,1720877
40,1987469
40,1861541
40,1696500
40,1491580
40,1461546
40,1577976
40,1536000
40,1319833
40,1474887
40,2228778
40,772540
40,1046675
40,1067140
40,2539931
40,1367258
40,1584402
40,2213552
40,1927333
40,1704881
40,1305935
40,1625679
40,2384390
40,1939556
40,1543892
40,1638879
40,2389837
40,1759080
40,2183520
40,2697428
40,2574295
40,1593900
40,2680875
40,2477700
40,985772
45,2792765
45,3288864
45,1449463
45,3423872
45,2120171
45,2694006
45,4030463
45,4020754
45,2231852
45,3863118
45,1509389
45,1241050
45,2324744
45,3751717
45,3573685
45,2229407
45,2535811
45,1631197
45,4164912
45,3201979
45,3140935
45,2247845
45,2462055
45,2311961
45,3202956
45,1753213
45,3286838
45,3854527
45,2797305
45,2337734
45,1678481
45,5853729
45,1559956
45,2099288
45,2757843
45,3621669
45,4217014
45,2428531
45,2482171
45,2931405
45,3506147
45,3674959
45,3436583
45,3013052
45,4200322
45,2656430
45,2948726
45,1640835
45,1619183
45,3733697
45,2471345
45,3445523
45,3064107
45,3046926
45,3078774
45,2683808
45,2750440
45,1880677
45,2355614
45,2179259
45,3119632
45,1843381
45,4626158
45,2510108
45,3410531
45,3842164
45,1931104
45,2117866
45,2589660
45,1682182
45,1960369
45,1762223
45,2205101
45,2018619
45,2156001
45,2964580
45,2415959
45,2322718
45,2301067
45,2890406
45,2296107
45,2618435
45,2273827
45,1544381
45,1846105
45,3429389
45,3283904
45,2593641
45,1657667
45,2661668
45,3246818
45,2630169
45,2767761
45,2628703
45,3749831
45,2821051
45,3493855
45,2637363
45,2856043
45,2664462
50,5475596
50,3175228
50,3229078
50,4246280
50,4072928
50,2843611
50,4203326
50,3724967
50,3199114
50,5477901
50,5125959
50,2549011
50,3257294
50,3328954
50,3858997
50,4383452
50,3881835
50,4547096
50,4738188
50,2322717
50,2947119
50,3502864
50,4770106
50,3014169
50,4123843
50,4143958
50,3755488
50,3113696
50,4946671
50,3375331
50,3041198
50,5693229
50,2665160
50,4291468
50,4242578
50,5156551
50,3027020
50,4074464
50,2473510
50,3150574
50,2941042
50,3179489
50,3982271
50,4141514
50,4096046
50,3357101
50,4393091
50,3842513
50,7488348
50,4306624
50,3986042
50,2384529
50,3241090
50,2725296
50,3992189
50,2701270
50,11862580
50,2332007
50,4017123
50,4026202
50,2086786
50,3564396
50,2944326
50,3351723
50,3354517
50,4211288
50,4286090
50,3234386
50,7645076
50,4061473
50,4714930
50,2943836
50,4832406
50,3121729
50,3734186
50,2669630
50,3392651
50,3752695
50,3534643
50,3156301
50,5520086
50,5169612
50,4673163
50,4775624
50,4385477
50,6291159
50,3776022
50,5120093
50,3520465
50,7392243
50,3504471
50,5072459
50,4413275
50,4534524
50,5102841
50,4742867
50,4333374
50,3106572
50,4123844
50,2267192
55,5034743
55,4741749
55,5549421
55,8610315
55,7178033
55,6157200
55,5802045
55,4229936
55,5109825
55,5705032
55,3754860
55,4373115
55,6504671
55,5197199
55,4300409
55,10948817
55,7189488
55,5616540
55,4189008
55,7847134
55,4906231
55,5280174
55,4088363
55,5943474
55,4637189
55,5086423
55,5423069
55,3389715
55,6696735
55,3472131
55,5807627
55,6222009
55,7752699
55,7404180
55,4967410
55,5668848
55,5483413
55,5683375
55,4158553
55,5483414
55,4053508
55,5887738
55,6544616
55,5288829
55,8569868
55,4595004
55,3718608
55,5463438
55,5258028
55,5076017
55,2953403
55,5588179
55,4849933
55,7721898
55,2331866
55,5614511
55,4485560
55,5982236
55,4992763
55,5758457
55,4693624
55,4825488
55,3392299
55,8072303
55,4327713
55,5244060
55,5758039
55,5282474
55,5753289
55,3397886
55,6517378
55,5558565
55,4904550
55,4868233
55,3659590
55,5252023
55,5416713
55,7309891
55,3929257
55,6810091
55,3224535
55,5790865
55,4247113
55,6933784
55,4358934
55,6003049
55,3117535
55,6413171
55,5129028
55,6343886
55,4609532
55,6681090
55,6215583
55,5364191
55,3489731
55,6193722
55,4675464
55,4479832
55,6522685
55,6761760
60,5793519
60,4016141
60,7463687
60,7433724
60,8086621
60,6076665
60,8820956
60,10861224
60,5975671
60,5910856
60,4358235
60,6772586
60,5055273
60,6787043
60,6407304
60,6535117
60,8891568
60,8683852
60,6239470
60,6295135
60,4240688
60,5560661
60,9126521
60,7106018
60,5245876
60,9144470
60,5708310
60,8558903
60,6371335
60,6102786
60,5803088
60,9172338
60,5996903
60,8349582
60,10564180
60,8098774
60,7177189
60,6314342
60,8248309
60,7969494
60,8720520
60,4369899
60,4792871
60,8878996
60,5485928
60,5730730
60,5033901
60,8218067
60,7985628
60,6611038
60,8765431
60,4486468
60,7421361
60,7103644
60,8423476
60,6626054
60,5897376
60,8841630
60,7536953
60,7680690
60,10244087
60,6057458
60,8265699
60,3727828
60,5957023
60,7199748
60,4127821
60,3601201
60,6952502
60,6225990
60,8426270
60,6179264
60,6498095
60,2128340
60,3495245
60,8190192
60,6971843
60,6105645
60,9377252
60,6137913
60,6391374
60,5788067
60,4148631
60,4685378
60,7773367
60,6996218
60,8804046
60,8060773
60,9095293
60,10625285
60,5769698
60,6938458
60,6051376
60,8554147
60,7052792
60,5365095
60,5381718
60,7119353
60,9471122
60,6708813
65,8250887
65,8407615
65,7312958
65,6000950
65,10451095
65,11914664
65,9627222
65,8767378
65,10387886
65,10645679
65,6194905
65,11094214
65,9055622
65,8205000
65,6219001
65,10282633
65,7944692
65,9692735
65,6884959
65,9387519
65,10431260
65,6769298
65,8172452
65,7565443
65,8038772
65,8455807
65,10856396
65,8286228
65,8680215
65,9596840
65,9726888
65,13049132
65,7355493
65,11601696
65,6506756
65,9343239
65,10121154
65,6994473
65,9549277
65,11950215
65,7081008
65,11129904
65,9857845
65,14009480
65,8234543
65,9465534
65,9106539
65,11097496
65,5864475
65,7177043
65,12086969
65,7592612
65,6215578
65,17884813
65,6715239
65,5573368
65,8521600
65,10197633
65,8310603
65,12549402
65,6849478
65,10153771
65,14409473
65,8257452
65,7821698
65,9585525
65,10820916
65,5139011
65,7485053
65,10491744
65,11074657
65,14194843
65,9647685
65,12817182
65,8582293
65,6065345
65,9104164
65,6968561
65,6134700
65,7649814
65,7512990
65,8897145
65,7414715
65,10011633
65,11601757
65,6546003
65,9014828
65,5592082
65,8188930
65,10847029
65,7324128
65,12079067
65,12916070
65,8557004
65,8443020
65,9750977
65,9070703
65,8503015
65,7455155
65,11486516
70,14762451
70,7760091
70,11531705
70,10290658
70,5148017
70,14593360
70,9529643
70,12343145
70,12838754
70,12080184
70,11346410
70,12646125
70,11644850
70,10021830
70,14028606
70,8344191
70,7686546
70,14797722
70,10919178
70,14680594
70,14373493
70,10340316
70,10089019
70,8402092
70,15731807
70,12720020
70,11065151
70,7974650
70,13868595
70,15902924
70,14230663
70,12569927
70,9570013
70,11482325
70,11137788
70,12788257
70,11511171
70,8079206
70,6234082
70,10434046
70,9665419
70,9901979
70,10303438
70,15760024
70,11232775
70,13817399
70,10102289
70,8760947
70,12565526
70,13190346
70,10677659
70,11990366
70,7565367
70,7888184
70,8155055
70,10108645
70,15562158
70,11903970
70,14028536
70,9287077
70,13779754
70,9580629
70,14381176
70,10127224
70,13097384
70,11518993
70,20597168
70,15443563
70,14017983
70,10900522
70,16021367
70,14803997
70,16191855
70,9538647
70,10547464
70,10319495
70,12089955
70,16831620
70,10004362
70,8996103
70,13326531
70,10626527
70,13650255
70,8401038
70,6238129
70,11115989
70,12628586
70,11966262
70,14205579
70,9701661
70,7154753
70,10764467
70,11668171
70,13496390
70,13159257
70,6111014
70,8220633
70,11024843
70,13407759
70,8938623
75,14864272
75,18288412
75,13583695
75,13557084
75,15904170
75,12117682
75,13281622
75,10385008
75,8870526
75,10196990
75,12943231
75,10532727
75,19728653
75,15360230
75,15956553
75,12839932
75,12523891
75,15751213
75,11612575
75,14155712
75,16524519
75,10472103
75,15637228
75,8975430
75,15456404
75,13566303
75,9864117
75,13279736
75,17583693
75,14249441
75,17574892
75,10331090
75,13274428
75,18388219
75,14191472
75,19023723
75,11494540
75,17873334
75,16796837
75,18051644
75,11258748
75,18395203
75,17987798
75,17538563
75,14633710
75,11477212
75,15440610
75,8956915
75,14668980
75,10287500
75,10349033
75,15867701
75,9802788
75,12563414
75,14114914
75,16301010
75,11103969
75,15528403
75,13801806
75,14398338
75,16238220
75,12402426
75,13055949
75,11581557
75,13485137
75,16025687
75,11247357
75,16583595
75,14484385
75,14681832
75,9757320
75,21128579
75,9245647
75,15631282
75,15046763
75,13211141
75,16874911
75,14372845
75,12020872
75,17694663
75,15883765
75,19078258
75,16905014
75,16659585
75,14408116
75,13138574
75,13440297
75,19035863
75,16169285
75,13845179
75,14271782
75,15764612
75,9316678
75,13098204
75,17298860
75,9791752
75,17194165
75,15215714
75,13191795
75,12775459
80,16511447
80,19666898
80,12457741
80,17232719
80,21429254
80,20295139
80,20637790
80,15814198
80,23751600
80,20362455
80,18283989
80,10287354
80,21627317
80,18195010
80,16406533
80,26279437
80,14202978
80,16491043
80,17238366
80,24609275
80,13942183
80,25020652
80,15891509
80,16649448
80,11931256
80,24880127
80,13732234
80,16864565
80,10490738
80,19883261
80,14735043
80,12150284
80,14947786
80,13610986
80,14589560
80,16659366
80,18393783
80,14815433
80,12855491
80,19376408
80,17358496
80,10245170
80,12532257
80,14405244
80,14515666
80,8681518
80,16137636
80,11878035
80,17621107
80,9212117
80,13154211
80,11654885
80,12578702
80,14831218
80,15063446
80,10191460
80,10256833
80,15080418
80,10674356
80,13807315
80,14553521
80,11772991
80,12748701
80,12338372
80,12649454
80,14317869
80,9264709
80,12018281
80,13130255
80,14047087
80,11165913
80,14697817
80,15816558
80,11245807
80,11282405
80,11350991
80,17003124
80,8574583
80,15775490
80,10092486
80,10728968
80,9274203
80,9489600
80,12761336
80,12697568
80,13622922
80,11378020
80,9067816
80,11422650
80,10265348
80,13259038
80,13433856
80,10686363
80,9013548
80,15540537
80,12365534
80,11769003
80,13589606
80,11615348
80,10791337
85,12499353
85,14675319
85,20071197
85,10161212
85,14083328
85,13326437
85,12613756
85,14922843
85,14971315
85,11543480
85,14516845
85,8452148
85,17205949
85,15551363
85,15322766
85,11259357
85,11874397
85,13972348
85,14550509
85,14244596
85,16540273
85,11482297
85,16220182
85,16412460
85,10062873
85,14675390
85,14009294
85,11587340
85,15803776
85,16995162
85,14704654
85,11852536
85,15634756
85,14579005
85,9877579
85,14795868
85,15985089
85,16352814
85,15718428
85,13215596
85,13782653
85,10696839
85,16550330
85,14021377
85,15319901
85,12803793
85,16178965
85,12534338
85,17592801
85,16186229
85,22683183
85,11073637
85,11772210
85,14966279
85,17149297
85,11609196
85,13926592
85,16784227
85,13829650
85,16186648
85,17683039
85,18680888
85,13932599
85,11895762
85,17748342
85,11185736
85,12570726
85,17350026
85,15816898
85,9631376
85,14556927
85,17977358
85,15644805
85,14770578
85,14023255
85,10867810
85,22645676
85,13269298
85,15853147
85,18345502
85,11994870
85,12141052
85,15803768
85,17972957
85,11367119
85,12729061
85,22275438
85,12213548
85,24051271
85,12471828
85,14839024
85,19421296
85,16515330
85,8845709
85,12428526
85,17266145
85,9134931
85,13999858
85,11699363
85,17138960
90,27026311
90,18069271
90,20603392
90,23841881
90,21653763
90,18818759
90,14123410
90,16575038
90,23597069
90,17755876
90,19228729
90,21351961
90,18360229
90,12166607
90,13201683
90,22099981
90,19275943
90,17580081
90,23065353
90,20143185
90,20863687
90,9249260
90,16546821
90,24661338
90,15889457
90,20321216
90,10504061
90,18719362
90,14302970
90,16363902
90,14881132
90,17806093
90,22651532
90,16404271
90,14701216
90,15293066
90,22140001
90,16492343
90,14257502
90,13480777
90,23257840
90,17149777
90,14720912
90,22612978
90,19009980
90,18436916
90,13966816
90,22516944
90,20751379
90,20015930
90,19411368
90,13089446
90,17309648
90,21001138
90,18299675
90,21021882
90,19836713
90,27673884
90,24013195
90,19316448
90,11562319
90,17820263
90,12151796
90,15103296
90,20277624
90,12871319
90,22601584
90,19321960
90,17706908
90,14015350
90,19254212
90,18307000
90,18715513
90,21798249
90,23688552
90,21697534
90,17015112
90,25399988
90,19011368
90,20439939
90,18879295
90,23333470
90,16467052
90,16510775
90,13412953
90,18119751
90,10802357
90,18849751
90,22469510
90,24830138
90,16277918
90,24427703
90,21360053
90,19349967
90,21548839
90,12063793
90,20317923
90,15092749
90,23434532
90,20095822
95,15190250
95,19016676
95,25314151
95,22026356
95,22485993
95,25507617
95,23482306
95,22585660
95,21694601
95,20144012
95,16835328
95,21331197
95,16448258
95,16165673
95,19842493
95,18341355
95,22766823
95,24257414
95,24600623
95,12360062
95,27582993
95,19174862
95,22477463
95,18928456
95,18008692
95,17903020
95,27831145
95,18676881
95,18253981
95,22576710
95,30813795
95,18211517
95,25058444
95,19014223
95,24288145
95,23121625
95,31247869
95,24918549
95,22910559
95,35108446
95,20394672
95,21885612
95,21637041
95,20822880
95,20016961
95,21187740
95,22489056
95,13808748
95,30378253
95,20654419
95,28794421
95,20320708
95,24468479
95,19554948
95,22965031
95,26867160
95,30180166
95,16814158
95,23900645
95,20853393
95,16153164
95,22849997
95,22104632
95,19385850
95,23132861
95,22963841
95,19824954
95,21924715
95,22775055
95,15699254
95,22961256
95,20104885
95,19923013
95,26082054
95,19836408
95,22355438
95,22682094
95,24628271
95,21996304
95,28953162
95,21541138
95,24843387
95,21619082
95,16005934
95,24802948
95,23047373
95,19143565
95,17022151
95,18510088
95,26856404
95,10616495
95,19875031
95,20217612
95,16237953
95,23176373
95,21452926
95,12260042
95,24133572
95,22088847
95,16124808
100,22892596
100,29223583
100,27869048
100,22492392
100,27436929
100,32618025
100,13347703
100,25094324
100,20305397
100,23071879
100,23240200
100,22981083
100,23028157
100,25549701
100,26513254
100,20672072
100,34443513
100,29250543
100,24658294
100,23719812
100,29235038
100,21217756
100,28202898
100,28623492
100,37088818
100,23133969
100,25686313
100,24168974
100,21026596
100,44100011
100,20544888
100,25041243
100,16128434
100,32456688
100,36047527
100,28697247
100,30851345
100,23879961
100,24449105
100,33146516
100,22871700
100,27565710
100,23430654
100,28739841
100,34953983
100,22115860
100,33904522
100,25597534
100,30284978
100,28039664
100,35244181
100,26047392
100,28748711
100,35829255
100,24466496
100,25027685
100,34126203
100,25925656
100,25921815
100,26101241
100,28073608
100,28826166
100,24716254
100,29732938
100,31632529
100,29111406
100,23937854
100,33491400
100,27971707
100,22779857
100,28754927
100,24481093
100,22751430
100,19604996
100,32499479
100,24278819
100,20678833
100,31070002
100,29812549
100,26866921
100,23633540
100,32804972
100,27508638
100,22294860
100,39297716
100,16709656
100,17326928
100,30030599
100,20565477
100,40694366
100,29730483
100,25391628
100,29058944
100,24217637
100,15813709
100,29460610
100,32514914
100,26490258
100,25022438
100,26983070
105,31480609
105,25767942
105,34391596
105,23883857
105,38180018
105,42668269
105,38746305
105,24620282
105,35191705
105,22124505
105,29698486
105,36846635
105,34785848
105,31601288
105,34711674
105,27319704
105,36625512
105,36240537
105,24557765
105,31015794
105,26864678
105,37062379
105,33970921
105,28264121
105,35916954
105,31259197
105,27822644
105,20229177
105,31689709
105,33542294
105,31255216
105,38510155
105,25461043
105,22023233
105,22137775
105,35709242
105,24437355
105,22684157
105,32833388
105,38820047
105,23159991
105,40806299
105,27004635
105,32163166
105,47597059
105,29374965
105,31861374
105,35675147
105,22741421
105,26488146
105,30417161
105,25345096
105,20853497
105,28238410
105,35297297
105,25401879
105,24760302
105,44048479
105,27644885
105,25714776
105,21534535
105,34499761
105,28514639
105,35461638
105,32575517
105,28251541
105,27843239
105,38578798
105,30095814
105,20076285
105,32685520
105,16985804
105,34066804
105,26625381
105,32385886
105,29272497
105,28120019
105,31714206
105,29022669
105,24139740
105,25927021
105,32876323
105,24414293
105,33742584
105,17693657
105,37726634
105,24500479
105,23727178
105,24518080
105,36451791
105,22695529
105,23437400
105,32690470
105,31639195
105,25817926
105,29334727
105,25181448
105,28456452
105,30244222
105,31298920
110,32535000
110,34652078
110,41572395
110,28203132
110,36949352
110,28582659
110,14640963
110,40086477
110,44226135
110,39365418
110,37168859
110,21764936
110,36021620
110,24202733
110,41667300
110,30339410
110,34933536
110,26110492
110,25144494
110,36129107
110,25601266
110,24936083
110,39286496
110,41711720
110,19396702
110,36970784
110,29894860
110,48390309
110,29378301
110,43360991
110,43851777
110,40446586
110,34560436
110,45133465
110,31313438
110,32985754
110,48699213
110,32328737
110,20241936
110,37709014
110,35132440
110,33635218
110,41729520
110,36577490
110,31467435
110,33984154
110,32941749
110,38864705
110,49314947
110,37681287
110,28136348
110,31397243
110,31060460
110,37328231
110,34179714
110,26462633
110,42481589
110,26824489
110,31332987
110,34134246
110,22385624
110,40582840
110,36504644
110,40516767
110,42385195
110,35115042
110,30821661
110,53432383
110,25429092
110,38297711
110,28815704
110,35332812
110,26454944
110,32965208
110,39146652
110,29134675
110,48628171
110,29961615
110,35873815
110,26793193
110,26791098
110,43782821
110,37226461
110,38851985
110,38279622
110,36120849
110,44056885
110,39507251
110,30498498
110,40990573
110,28071039
110,31151665
110,37161570
110,38564224
110,29136694
110,35475143
110,32350793
110,27147570
110,28665465
110,38065475
115,45888504
115,33055368
115,48987572
115,46099849
115,41371069
115,34596102
115,39691487
115,28347540
115,44798886
115,54945866
115,45394855
115,39888584
115,44425645
115,38710195
115,33046428
115,45483974
115,46395492
115,46347922
115,22292439
115,38819980
115,35161053
115,40399336
115,44544090
115,46258382
115,48900538
115,48882518
115,39581896
115,24724228
115,36937855
115,56011587
115,55417364
115,29761922
115,30705150
115,55990704
115,29252349
115,29001473
115,36611619
115,45385766
115,27040425
115,38137965
115,37922430
115,32237013
115,52005671
115,35953484
115,50902783
115,31047862
115,31538019
115,47907433
115,41898436
115,61420205
115,46376548
115,38354680
115,45977467
115,39331502
115,36748854
115,49319027
115,32259706
115,56961788
115,46259631
115,44045754
115,61638045
115,34675290
115,34391938
115,39863215
115,37063773
115,43119630
115,33669268
115,25541240
115,52499032
115,49568496
115,31102474
115,48127447
115,42657548
115,38947874
115,41673731
115,45307555
115,51315434
115,36879875
115,48102767
115,49275511
115,24563023
115,31488017
115,45029507
115,51603958
115,34714793
115,32625980
115,41058479
115,48715784
115,31440524
115,42395491
115,37130630
115,38972431
115,39508318
115,51825567
115,45860811
115,43759030
115,38611098
115,49532118
115,35214231
115,40395761
120,37438319
120,42701782
120,58033610
120,53852190
120,44571802
120,68892324
120,55647121
120,42952543
120,56659734
120,54498790
120,42588098
120,57241628
120,54811560
120,55403116
120,46692170
120,40299392
120,37776983
120,43529588
120,53405138
120,43334079
120,36544975
120,48287256
120,31647189
120,40028795
120,30267799
120,49717008
120,40183651
120,40898283
120,49159328
120,45124255
120,28652107
120,56613471
120,49718176
120,35414501
120,38412019
120,56991619
120,47267250
120,52110191
120,36081493
120,50758954
120,43714498
120,42221118
120,40367664
120,57246359
120,52188563
120,33409403
120,65262420
120,52587751
120,47645974
120,48207144
120,45274655
120,55942620
120,49411628
120,44936614
120,47359045
120,46591891
120,49825003
120,47689083
120,32893267
120,56469063
120,54223619
120,41747287
120,52225931
120,50069126
120,47243934
120,28663476
120,44841330
120,47558396
120,51225690
120,50397488
120,38731057
120,46565697
120,41402372
120,35341483
120,41567126
120,33820568
120,39084951
120,64108309
120,54649139
120,59678969
120,51088862
120,48070614
120,30719548
120,43825677
120,41123217
120,50054328
120,42771654
120,37677423
120,50744716
120,48558789
120,53407572
120,51524022
120,64611920
120,48510314
120,46855171
120,55609258
120,37342263
120,44022750
120,54566090
120,50912504
125,54602621
125,53149345
125,49327843
125,69407931
125,47178872
125,58345824
125,57671991
125,56443558
125,60855983
125,42963631
125,45433488
125,43983984
125,70790241
125,58012700
125,40046364
125,47095776
125,57376949
125,42817892
125,60046777
125,48055568
125,56822629
125,69060264
125,29023678
125,49718386
125,68127086
125,39088389
125,44509697
125,68132953
125,58120000
125,55821138
125,58896089
125,46608442
125,62466147
125,40953044
125,39409181
125,52899452
125,53446017
125,60715225
125,44309826
125,55858027
125,65982016
125,48322485
125,53350604
125,57224404
125,59473178
125,50458244
125,60337414
125,49277105
125,48761903
125,44760558
125,40757747
125,56994702
125,42114250
125,60239069
125,53819094
125,60122213
125,49838155
125,52592206
125,32837615
125,61583791
125,65235255
125,63938031
125,47964332
125,80542740
125,59034394
125,62572564
125,56186675
125,57434377
125,47133834
125,64802157
125,39414871
125,51234310
125,29930738
125,65684164
125,47408024
125,45037585
125,66799571
125,56755813
125,41733413
125,47937125
125,63560498
125,56545501
125,53824143
125,40878821
125,53387732
125,44686667
125,62816196
125,62366513
125,28865019
125,49589906
125,65925907
125,71656803
125,59325402
125,66030539
125,59023240
125,50857370
125,49414727
125,67420167
125,52421827
125,75220522
130,67761933
130,51025424
130,57630679
130,58401033
130,53733434
130,62775093
130,61732658
130,38556203
130,72066801
130,61164236
130,62413536
130,50769884
130,42570714
130,89176613
130,76923188
130,80891599
130,69714881
130,67251763
130,39789718
130,74354390
130,72382677
130,75189271
130,65009164
130,56391692
130,56161194
130,48130164
130,59234846
130,74317711
130,60251900
130,45614735
130,86130300
130,69308016
130,53256154
130,60924185
130,61569020
130,60782325
130,68170334
130,43373025
130,49539176
130,68037072
130,91408729
130,69584338
130,69440731
130,76126689
130,90651651
130,69242363
130,75266306
130,50060100
130,69257382
130,61020595
130,66560773
130,73441191
130,59322486
130,75270005
130,61309928
130,67756156
130,54805237
130,39128797
130,59785715
130,66327355
130,65942146
130,77034772
130,46557920
130,61168696
130,68645246
130,53062401
130,59756100
130,48859097
130,73901417
130,54295599
130,68620325
130,55394928
130,59648845
130,67363351
130,62268541
130,53191383
130,58389217
130,66958795
130,67789001
130,55685493
130,57635633
130,57235338
130,77825444
130,67338018
130,58735765
130,55253529
130,61079210
130,69410524
130,41560528
130,58756439
130,62111204
130,47359040
130,51757882
130,66208446
130,56709216
130,85383759
130,69743836
130,65217662
130,81566381
130,44344145
135,67547302
135,93355827
135,95435316
135,60767937
135,69695171
135,60289483
135,83427752
135,56233738
135,61478352
135,68501553
135,57265381
135,83731936
135,76344621
135,67353364
135,85583860
135,54774191
135,77546212
135,72748908
135,76946716
135,55183564
135,88301819
135,83967042
135,65395551
135,54642459
135,55348892
135,58246357
135,57452754
135,67169753
135,69994097
135,99281962
135,57957097
135,86747512
135,90625134
135,92940839
135,61356966
135,68100478
135,74792232
135,59231035
135,60347887
135,45771252
135,83879248
135,74185921
135,66871975
135,79967066
135,51098676
135,75801332
135,77665892
135,60165841
135,61981928
135,71351461
135,76979858
135,56843019
135,53859302
135,59092506
135,72283985
135,84552952
135,57590502
135,61617375
135,77734015
135,97754878
135,65691673
135,72607755
135,69060171
135,96806290
135,72665868
135,76981486
135,79575314
135,78889699
135,69517570
135,69209332
135,80012018
135,61210777
135,62756063
135,64580876
135,81819718
135,47799179
135,74276773
135,86758502
135,66305039
135,83143591
135,73005355
135,74907000
135,67540517
135,70187154
135,70221099
135,89825759
135,91129304
135,65975968
135,42493222
135,81061208
135,62064564
135,69007586
135,81064212
135,65262276
135,98415762
135,63784953
135,57950678
135,53381870
135,68134062
135,78428166
140,97172011
140,86841865
140,93050863
140,84509205
140,52540151
140,74645913
140,80043853
140,91152227
140,74035664
140,97636717
140,60743532
140,63253878
140,73852848
140,78124719
140,75938669
140,109367887
140,75089547
140,92564608
140,81572892
140,108235050
140,69726188
140,86355310
140,105666244
140,95482035
140,100758360
140,84536781
140,63404524
140,87962600
140,90348896
140,100550218
140,82700804
140,54497663
140,109792192
140,86074828
140,85450682
140,80035930
140,102773783
140,83078707
140,87276810
140,118238837
140,101947713
140,87385211
140,99118731
140,74348198
140,88520173
140,95914845
140,75088148
140,61322955
140,84793607
140,72131354
140,94662086
140,100093805
140,97123881
140,103578984
140,85652098
140,117957495
140,74534669
140,69596908
140,92356011
140,105893488
140,95840207
140,98459990
140,83357054
140,73091232
140,56547443
140,96224545
140,82124738
140,79993809
140,115063784
140,86875726
140,82535223
140,110965856
140,100847700
140,86991251
140,92390898
140,81869032
140,110167031
140,82457742
140,101975738
140,83346880
140,92861556
140,91496351
140,60642447
140,99042004
140,56855128
140,83688007
140,91007010
140,64724656
140,94044665
140,70685991
140,79162611
140,84897087
140,110090168
140,86883291
140,88459569
140,88287818
140,82208654
140,83609270
140,97063937
140,91228135
145,109684181
145,73447197
145,81940501
145,106208241
145,120226059
145,89466373
145,97811394
145,107620171
145,90406146
145,83160478
145,104373779
145,116806996
145,84499073
145,93715410
145,87657701
145,107586887
145,104718537
145,69426112
145,72966865
145,97648416
145,74813122
145,75281545
145,94856875
145,85047278
145,90241971
145,109502855
145,89893092
145,86470940
145,96516893
145,102627540
145,88354185
145,108055301
145,88024641
145,80867017
145,66875293
145,106711168
145,96721799
145,88787005
145,97889615
145,102315373
145,93385420
145,91211129
145,86944122
145,98807644
145,115175705
145,78906173
145,76068982
145,147095826
145,74006308
145,86639246
145,104346595
145,120255772
145,106157595
145,85650160
145,77303292
145,98351886
145,92470977
145,74992668
145,111639054
145,76361009
145,104301242
145,113049232
145,85995448
145,82483581
145,128014466
145,85239326
145,92882776
145,81218893
145,117701320
145,70058105
145,87510486
145,114365999
145,70230763
145,68807351
145,89250118
145,90594570
145,77960265
145,127095266
145,97244742
145,110070841
145,125443705
145,86120283
145,114202536
145,78821699
145,87424853
145,95060956
145,94692173
145,90424143
145,72640725
145,76025631
145,141170502
145,93888325
145,98525345
145,106286741
145,141435525
145,136540011
145,138976907
145,69883253
145,86035844
145,112188301
150,86938383
150,145680711
150,97504106
150,122996111
150,85030430
150,86230298
150,115233671
150,92292151
150,128561367
150,91383537
150,121633015
150,111413634
150,86945309
150,116025699
150,131361429
150,99136196
150,90851810
150,122368185
150,96309918
150,131683274
150,80390075
150,126260932
150,109556925
150,85665478
150,98886780
150,100735507
150,115360763
150,129130348
150,103856599
150,130130529
150,129819786
150,98464989
150,132544768
150,117902131
150,120305145
150,111846646
150,110246080
150,97631110
150,117153589
150,113379388
150,104381552
150,154005425
150,118315115
150,115055524
150,109855783
150,92657741
150,108487662
150,130407728
150,89688858
150,125155361
150,135853354
150,99302369
150,105178624
150,120812131
150,121536352
150,67098667
150,111907157
150,133962781
150,83402981
150,93244600
150,121339803
150,90929315
150,111135690
150,94543713
150,139131923
150,117639253
150,120623961
150,115783231
150,109473807
150,93825582
150,83873964
150,138317169
150,93524831
150,106034512
150,96672509
150,118622769
150,98488569
150,132802570
150,90330498
150,89390598
150,119318702
150,99879316
150,112981343
150,120010715
150,110523237
150,126823234
150,113335741
150,139260892
150,113640823
150,86514414
150,123794560
150,111480527
150,87539574
150,119504565
150,94117094
150,105160087
150,101404611
150,127606332
150,105639430
150,142810668
155,107793928
155,106565191
155,127562122
155,118670698
155,116564115
155,126651628
155,100021076
155,119356431
155,116460535
155,102122699
155,124179488
155,145463703
155,130288019
155,92193546
155,139615200
155,107232683
155,104947231
155,89389986
155,104439161
155,105943231
155,134662386
155,98727804
155,114446730
155,141498837
155,183998176
155,116656750
155,143190009
155,138596660
155,139716128
155,117249604
155,118962470
155,151637952
155,115025406
155,115775536
155,95952024
155,114076725
155,116144330
155,159104392
155,135829289
155,108409337
155,93122414
155,90828373
155,112977010
155,154500595
155,134348735
155,89442059
155,145493529
155,114236617
155,123271131
155,138313663
155,85701810
155,112108688
155,126543077
155,67896913
155,118707934
155,117602228
155,101533200
155,74723504
155,118866620
155,107996110
155,171482705
155,114308039
155,82538147
155,138555903
155,132606770
155,105306847
155,137641850
155,145045694
155,99507351
155,99669180
155,99180130
155,116126808
155,106467897
155,94882329
155,111531889
155,111396950
155,91806245
155,133562359
155,195979188
155,122493837
155,130016417
155,120079529
155,107405094
155,135759574
155,172111264
155,93126230
155,105131901
155,88227282
155,121721452
155,116967222
155,122845036
155,115984095
155,139844364
155,148618705
155,120191608
155,105725189
155,121796698
155,131988650
155,140294667
155,155303846
160,130725844
160,142214563
160,105046893
160,101868213
160,141603427
160,146539807
160,127856828
160,136480214
160,151495979
160,133446134
160,147758536
160,98412496
160,114197284
160,124509290
160,109196439
160,130006028
160,141614089
160,117290014
160,149348907
160,115178066
160,136918391
160,133499519
160,150605753
160,120105273
160,121945926
160,135188586
160,111488721
160,134568789
160,138922105
160,128259348
160,151876239
160,130212920
160,103675363
160,155191971
160,139961061
160,145499491
160,151640117
160,143725450
160,134279210
160,100635435
160,117791801
160,137578916
160,180571314
160,155057612
160,126086836
160,140499774
160,168511492
160,150439894
160,120240080
160,94857903
160,163972394
160,95190710
160,107731005
160,159895275
160,140051943
160,141276658
160,124111921
160,144503593
160,106648880
160,146588787
160,137851271
160,162777269
160,141817211
160,125740998
160,125558845
160,176228393
160,135381642
160,122745432
160,165373676
160,136436458
160,137613540
160,176886485
160,134921611
160,122464022
160,133100191
160,161864389
160,167175817
160,133596286
160,138326680
160,108506085
160,134938758
160,129208523
160,148131973
160,103995253
160,211272404
160,127636534
160,139016914
160,103741020
160,128879324
160,172866759
160,124392599
160,84021876
160,118535205
160,120181707
160,102071794
160,136413515
160,125843525
160,138101401
160,111877302
160,159752677
165,129614383
165,173687733
165,163823253
165,237398578
165,196879092
165,172572494
165,167899236
165,129561341
165,149786608
165,141006217
165,175363977
165,186966869
165,125536276
165,139564916
165,162199306
165,154583017
165,155612012
165,219141680
165,158173049
165,155512485
165,142199119
165,130777113
165,118846854
165,146127669
165,132804108
165,188460889
165,155353068
165,165138058
165,192983944
165,155525481
165,179518948
165,150442244
165,186016524
165,173029191
165,166770731
165,125961870
165,135217300
165,136712517
165,123267433
165,159180728
165,149618401
165,135292495
165,138407880
165,155746057
165,167799709
165,175858012
165,132029880
165,200379673
165,125823811
165,183691176
165,121161665
165,153105163
165,158079022
165,143064128
165,174840603
165,200503738
165,170786379
165,162076784
165,114989894
165,192097466
165,163164573
165,126353532
165,144724899
165,104202497
165,163122946
165,179900337
165,122299366
165,178345024
165,122057557
165,182685607
165,139833433
165,127357654
165,165862262
165,164126897
165,169657755
165,170896854
165,144826543
165,154353654
165,127534548
165,134790539
165,144864095
165,161847588
165,167553614
165,135968443
165,178976076
165,182496475
165,197113846
165,134527685
165,140795325
165,134038150
165,137296920
165,148756257
165,161013613
165,148432160
165,155892730
165,121020161
165,191102852
165,164598823
165,154566041
165,174673761
170,127101090
170,207724938
170,130920076
170,174750728
170,121288973
170,171347289
170,212684373
170,157667345
170,183524055
170,187257272
170,208185164
170,197765865
170,202390357
170,187102194
170,164073250
170,186288645
170,186473156
170,168224251
170,189276335
170,196778248
170,166380307
170,160410326
170,159585750
170,134137496
170,149584619
170,162722151
170,157964328
170,196186214
170,171153802
170,113355556
170,147649511
170,163178839
170,216257467
170,124397280
170,207849797
170,168377914
170,164169761
170,157197965
170,195221569
170,154957296
170,142489216
170,222411622
170,196173236
170,185113977
170,200639312
170,190684479
170,175294286
170,101225906
170,149621287
170,141588985
170,149937050
170,170378391
170,165643059
170,169616465
170,160551805
170,184235723
170,182252439
170,166570356
170,157225484
170,179077329
170,174724044
170,170755318
170,166296214
170,192389861
170,133957473
170,140630615
170,157451342
170,114390564
170,169720986
170,129282478
170,175176666
170,159328304
170,141958748
170,175113528
170,183853133
170,140395150
170,139191460
170,131790478
170,181017044
170,145070060
170,149168903
170,130629468
170,175913136
170,231524800
170,182229373
170,167794929
170,182969506
170,183896671
170,193277640
170,161219346
170,167718086
170,134274513
170,191252944
170,143086814
170,170853072
170,130074804
170,162344443
170,145664669
170,146321128
170,124235528
175,165073219
175,168154789
175,187474511
175,209743449
175,171071948
175,189610671
175,218683345
175,181293267
175,165938917
175,195423676
175,176457013
175,217799526
175,140523445
175,173499405
175,171372527
175,139384925
175,143417342
175,222437753
175,199125636
175,165036233
175,154734791
175,230318834
175,183441055
175,167258713
175,151631139
175,220185910
175,184286372
175,241842230
175,240460021
175,255040498
175,143179636
175,232412010
175,190903257
175,168565324
175,187305056
175,186209769
175,203157873
175,176006238
175,194503751
175,166713270
175,144200171
175,186682807
175,172570560
175,213475487
175,196967819
175,138619449
175,187071264
175,170766282
175,145068729
175,167275978
175,219620870
175,193092746
175,231251919
175,177952400
175,206029718
175,195175958
175,177654163
175,161981477
175,150216468
175,167544647
175,158614728
175,200479587
175,185142989
175,179977708
175,161966866
175,143059580
175,240133814
175,148829077
175,164558754
175,219787897
175,215435794
175,216271610
175,201593569
175,248780642
175,171770020
175,165390713
175,185720983
175,181268527
175,191740100
175,189893436
175,195506964
175,187507990
175,196968508
175,176616069
175,191169430
175,210466064
175,229891856
175,231007603
175,227872952
175,173909936
175,191539056
175,207990549
175,199767983
175,224199414
175,212165487
175,240486012
175,221943878
175,220644034
175,183832560
175,235555221
180,147965298
180,229132054
180,182227956
180,259072716
180,183834110
180,178238267
180,211222338
180,206981005
180,222441794
180,198434307
180,225925911
180,217568808
180,236283351
180,219635003
180,190096650
180,237649463
180,198728717
180,266398254
180,259555670
180,210115977
180,200514322
180,187137780
180,173900937
180,241473624
180,203770186
180,213438057
180,159548357
180,250990792
180,192004491
180,253877794
180,171408203
180,146176319
180,229312955
180,219107194
180,194109813
180,183301168
180,211475131
180,131579869
180,196898585
180,207641937
180,140066628
180,202027185
180,182360848
180,262718317
180,241960940
180,191729693
180,235453352
180,155566583
180,230961228
180,238343562
180,151906897
180,218507346
180,187554344
180,254977605
180,251248512
180,191573393
180,191523326
180,191775786
180,218750564
180,233308038
180,159195666
180,200120817
180,223679595
180,191890249
180,252416800
180,232980794
180,232136475
180,190474658
180,170482712
180,219445567
180,171785016
180,212663371
180,208920421
180,196789086
180,160862239
180,263370842
180,182406007
180,279332387
180,229868015
180,189077907
180,188607427
180,179135676
180,222976633
180,194357239
180,154912014
180,180120560
180,204003879
180,225016877
180,172093120
180,205171123
180,253589184
180,207907939
180,240858434
180,140180839
180,158727789
180,132955461
180,193208081
180,202434837
180,132184090
180,172582919
185,230298266
185,190578121
185,239003152
185,189629063
185,245345201
185,232687293
185,258759490
185,196412134
185,209062436
185,204174248
185,173214371
185,188180317
185,242599937
185,195808552
185,215930726
185,208841646
185,233572381
185,253969388
185,241884846
185,237739516
185,284792464
185,264310659
185,217660786
185,272167488
185,248041418
185,238534323
185,304547196
185,236619594
185,143065082
185,233357675
185,211640648
185,252286111
185,215178116
185,256332460
185,206487935
185,232115552
185,240305482
185,255654380
185,229738586
185,292568658
185,252309752
185,182911591
185,247235656
185,257280336
185,305080366
185,251212651
185,227611907
185,290258853
185,295538731
185,160081999
185,234107414
185,282455781
185,241649671
185,186015179
185,260173679
185,227533153
185,222156514
185,212514513
185,270915381
185,220154109
185,197963970
185,221214960
185,224834875
185,264632923
185,238688903
185,245809686
185,222704841
185,288509449
185,149157268
185,195809749
185,165626221
185,287156352
185,262360980
185,258312259
185,253979715
185,199871849
185,231744904
185,193306880
185,158957938
185,235149616
185,226523989
185,283095167
185,160097775
185,205537738
185,247152094
185,159985613
185,247871036
185,229902134
185,309920353
185,252698205
185,231362567
185,280803747
185,274389945
185,273202090
185,303688109
185,204953863
185,178659356
185,272223948
185,219377986
185,240090452
190,284987933
190,227553741
190,211271353
190,321644087
190,214105104
190,224175487
190,263388239
190,221240686
190,274895926
190,335556823
190,216686730
190,261205355
190,206158759
190,287206096
190,177358936
190,218865917
190,264733775
190,284095907
190,311714729
190,268859190
190,273492313
190,235395978
190,255124870
190,230453409
190,291457674
190,252731496
190,254012763
190,221756520
190,310825528
190,198221771
190,248424650
190,218838915
190,243798923
190,274790841
190,245356334
190,281693498
190,232767864
190,260155564
190,234420126
190,251411528
190,230456551
190,262017699
190,302710504
190,176994212
190,334653409
190,289294746
190,170707413
190,235324590
190,228547674
190,238063280
190,254496837
190,305512190
190,249852240
190,237204524
190,233164165
190,294233888
190,243129672
190,214160155
190,235786789
190,245101798
190,229857230
190,232932208
190,257085284
190,266673811
190,350514286
190,226270598
190,281713397
190,270052061
190,241765983
190,285323740
190,263437879
190,307545651
190,253496081
190,264267630
190,202844786
190,261713507
190,236573004
190,250241008
190,275030766
190,195265506
190,244464474
190,306138706
190,250977276
190,237427174
190,259810977
190,240890015
190,225242404
190,286203914
190,249482114
190,302572873
190,299182805
190,252352330
190,176264647
190,232164650
190,245004367
190,295390424
190,236157668
190,266815400
190,279101342
190,199858866
195,259213094
195,300238701
195,266782120
195,201426590
195,302436642
195,266573718
195,239591079
195,269086971
195,321444520
195,336774138
195,202191120
195,238790690
195,298075038
195,218018080
195,315093333
195,289916231
195,277949551
195,309419754
195,365635655
195,296208281
195,268824588
195,249532128
195,257154880
195,227024909
195,352047290
195,321196568
195,342925403
195,322385638
195,291175502
195,243756941
195,173729641
195,259493649
195,272817233
195,241632193
195,342245047
195,383679695
195,288014292
195,264646360
195,244052023
195,279258953
195,300010002
195,276613270
195,297160121
195,308090332
195,309319873
195,268253612
195,237237667
195,358468659
195,322706334
195,306751161
195,237914183
195,296085252
195,292801704
195,254190512
195,296496130
195,288247587
195,296715853
195,245585305
195,283966969
195,270475669
195,321618774
195,283638914
195,263025826
195,293938578
195,280379425
195,252150089
195,253760296
195,295856643
195,238739707
195,303780280
195,232817738
195,309006921
195,322305449
195,228837211
195,425884725
195,246210812
195,295702268
195,331167491
195,285576197
195,263930066
195,241937856
195,333463977
195,278292440
195,243993147
195,273732243
195,381666480
195,260779456
195,330455230
195,196411478
195,239006796
195,248039123
195,270896901
195,309007860
195,299630269
195,226141509
195,323815888
195,288311079
195,354381788
195,300611049
195,366990577
200,355487734
200,332048998
200,279235900
200,303000458
200,266940336
200,254790404
200,275573431
200,420532901
200,291974826
200,305993442
200,327606168
200,387906229
200,356643246
200,318476246
200,269112229
200,268034041
200,355720413
200,324861205
200,285191870
200,366703576
200,362274748
200,313284547
200,312342725
200,339557089
200,233341799
200,357710185
200,337840982
200,239910000
200,342220912
200,260872666
200,389873035
200,415791523
200,286078003
200,310984333
200,325456155
200,303857021
200,238623112
200,265185757
200,311064578
200,402710972
200,216864443
200,300343906
200,289598464
200,345943258
200,279543523
200,326841694
200,358752450
200,378732679
200,317341304
200,341105944
200,260136594
200,253818658
200,351040344
200,386134186
200,224840700
200,304444245
200,362445540
200,336461263
200,366819147
200,312109174
200,299646998
200,332027933
200,265079130
200,231710415
200,350326106
200,220472308
200,305493651
200,353169924
200,329001132
200,437519495
200,275503800
200,365868802
200,306598846
200,326224202
200,316128924
200,208824446
200,369395981
200,387113399
200,305103527
200,301638856
200,283419143
200,367342217
200,269272810
200,396141314
200,363389182
200,286289036
200,306695660
200,308726783
200,408886317
200,321992237
200,325630919
200,239811279
200,325734077
200,294878422
200,234387204
200,323773637
200,233969341
200,355923474
200,277180249
200,198120848
205,385650469
205,234207412
205,467168836
205,344563326
205,216061391
205,327031616
205,246610701
205,381979367
205,259454394
205,336486655
205,254654918
205,272125731
205,369811523
205,342492190
205,312421094
205,290551880
205,354692375
205,311417840
205,370648174
205,289763347
205,315021743
205,363023577
205,406578856
205,427601520
205,293797629
205,323361001
205,244368783
205,346446044
205,352252992
205,392166169
205,363671556
205,445400730
205,351700850
205,300002536
205,251945160
205,284861242
205,294208413
205,329575781
205,301910597
205,349306511
205,405144315
205,377140812
205,324555266
205,310666043
205,314032803
205,346255999
205,369685047
205,340230909
205,292100469
205,319550000
205,295932462
205,237206261
205,330283082
205,314390059
205,300933144
205,392225360
205,245086637
205,327374168
205,428379676
205,404547580
205,340689341
205,285855884
205,331297837
205,337486944
205,369066567
205,360953023
205,370138805
205,404475110
205,362219577
205,388552915
205,403351515
205,284205364
205,346379332
205,303871103
205,374474082
205,293786342
205,424612502
205,342341209
205,386027008
205,333329852
205,372685061
205,278564398
205,449297807
205,338559294
205,347517869
205,383195298
205,341632605
205,273437430
205,400458396
205,340691778
205,347956250
205,359639324
205,303595307
205,464315217
205,333434540
205,371728007
205,496522489
205,284175113
205,333722041
205,257558989
210,323491092
210,329074803
210,445033716
210,332204124
210,350490676
210,364672165
210,328173945
210,446712785
210,418323862
210,390427381
210,403725851
210,415262339
210,305560188
210,356471452
210,334769667
210,408357159
210,398625514
210,317182464
210,390543396
210,354190371
210,399989147
210,409535747
210,281470891
210,490761957
210,417242361
210,332523255
210,321456060
210,448438949
210,376968646
210,430258917
210,391823160
210,414936212
210,472621891
210,405006971
210,380855035
210,311031122
210,337769637
210,297960566
210,398407783
210,352374535
210,386712852
210,439620797
210,399637963
210,415687259
210,333918565
210,430174894
210,384105243
210,439258448
210,379218996
210,344442567
210,406021717
210,292603983
210,391151305
210,375881807
210,347157729
210,348152863
210,367780488
210,446520766
210,368954491
210,439926019
210,396093087
210,364829177
210,398788884
210,331554367
210,335721394
210,302073752
210,332168370
210,432491669
210,435020407
210,300485690
210,384471868
210,406989604
210,393570508
210,418447316
210,313136892
210,284663749
210,330702698
210,439500182
210,351273771
210,358660492
210,257780108
210,370639085
210,329248464
210,366552391
210,373516692
210,428649254
210,270309362
210,396344747
210,392564310
210,377704912
210,368977021
210,403312497
210,364425095
210,324908557
210,231007540
210,273117700
210,351419763
210,395805547
210,391884435
210,298703503
215,407741482
215,417516961
215,380709199
215,337511303
215,449177481
215,472737410
215,437983162
215,492811219
215,328466968
215,391344409
215,437371712
215,281938000
215,444422914
215,403633192
215,399228080
215,370185773
215,367614935
215,326945834
215,406467368
215,336941881
215,349589576
215,548100257
215,419602449
215,480044824
215,434342644
215,398586974
215,331380820
215,393239333
215,362082740
215,393698072
215,384109005
215,382294284
215,434416926
215,403540681
215,415474314
215,317216732
215,334758872
215,405143527
215,422256900
215,334810430
215,365192754
215,507552306
215,323252644
215,492683202
215,408475341
215,358997786
215,499724005
215,457719496
215,375885649
215,403886482
215,365879697
215,375285295
215,409533144
215,353388318
215,446309869
215,415383818
215,439731172
215,348712639
215,504201692
215,449083491
215,377136093
215,432197950
215,541211846
215,401610014
215,417236999
215,320106233
215,379263952
215,377953770
215,320422420
215,441366250
215,322835913
215,425953623
215,405699342
215,444332630
215,443832979
215,403997004
215,352903345
215,413840241
215,403228466
215,431602681
215,466818351
215,512839270
215,408654780
215,470472265
215,445437169
215,373532856
215,387361599
215,425438872
215,358963646
215,458247204
215,564443537
215,465272077
215,518785115
215,433604990
215,419470621
215,434137899
215,458310654
215,356513518
215,456728998
215,404158570
220,410802023
220,384289544
220,521767374
220,424601028
220,414071452
220,504682151
220,523136523
220,440300946
220,584433765
220,316983126
220,536089947
220,526305315
220,579778549
220,451589950
220,418675110
220,506324548
220,580636518
220,593943125
220,376105830
220,431185660
220,369858463
220,475536122
220,303512036
220,370331612
220,556819513
220,498166869
220,416063058
220,491802273
220,546928152
220,506716533
220,463381699
220,472309220
220,335742375
220,402895086
220,518666461
220,511655607
220,493867391
220,504853796
220,448844136
220,545444743
220,502367675
220,545146914
220,318196496
220,439035391
220,396836937
220,512309305
220,480036055
220,547995185
220,558971464
220,506914230
220,450126445
220,476909871
220,359044011
220,434091562
220,473454978
220,496048986
220,490470377
220,491411574
220,444931299
220,562719690
220,422569129
220,498509569
220,353258972
220,493296237
220,488739191
220,292775822
220,399659356
220,529828864
220,540047759
220,454302404
220,453341377
220,342337365
220,404739207
220,327177915
220,411320813
220,393412787
220,526653424
220,455084388
220,461359377
220,548995649
220,423713620
220,481336324
220,447756338
220,449055145
220,603766286
220,386761502
220,437553143
220,525482927
220,368987100
220,561970007
220,324028564
220,459097382
220,443242089
220,488056514
220,401466192
220,447874201
220,477275227
220,421662920
220,518584295
220,394418883
225,406151703
225,428531612
225,550002887
225,541605559
225,410987350
225,611128191
225,504968461
225,374676950
225,582426849
225,463486243
225,505568537
225,509208939
225,447371510
225,477420885
225,504467184
225,564209593
225,368645127
225,580794587
225,510912924
225,501770861
225,428218975
225,472792413
225,502838372
225,465758693
225,363584294
225,543595667
225,435317813
225,401894520
225,513443168
225,563498763
225,580918911
225,367094793
225,414342773
225,426450725
225,365004503
225,507650964
225,545755351
225,372045684
225,347620650
225,498479946
225,473132022
225,533114858
225,509254019
225,433539408
225,485956803
225,433358680
225,520919276
225,505224873
225,481275531
225,530726857
225,547155407
225,508524630
225,348418589
225,532777486
225,485856777
225,555675892
225,428403288
225,453228554
225,563196843
225,458495461
225,527919631
225,451460822
225,482221301
225,478394650
225,493309991
225,358236865
225,468051021
225,546796026
225,387837972
225,473377525
225,524716989
225,507937031
225,571968470
225,510117746
225,369916612
225,489582428
225,413639997
225,426422078
225,484554500
225,564242113
225,373055663
225,595423839
225,509248936
225,468135030
225,532183114
225,525720054
225,531066778
225,563661696
225,499053483
225,523163388
225,486529223
225,530792301
225,572890945
225,450745780
225,518301220
225,429174127
225,425550283
225,428524818
225,465475660
225,414345142
230,471620838
230,614020363
230,455414759
230,591590284
230,496161280
230,671849622
230,601774751
230,501690541
230,619852594
230,458185908
230,485304485
230,453487556
230,512015193
230,455332673
230,380046415
230,612516785
230,391045363
230,451301544
230,657677514
230,469521088
230,421192059
230,635124729
230,495686200
230,585375682
230,466816767
230,577923094
230,528734451
230,414283516
230,538557396
230,520866024
230,481483328
230,416108813
230,571649715
230,470356607
230,579971333
230,514191378
230,525009647
230,579074586
230,507784347
230,407270938
230,590893235
230,447078943
230,466479599
230,591310081
230,392530655
230,593384845
230,464371160
230,541548737
230,550126185
230,491046339
230,503504512
230,494938890
230,504800808
230,659638946
230,454123375
230,547130080
230,558965324
230,497008595
230,543634840
230,546876595
230,577309083
230,560293159
230,621954688
230,507540419
230,533622700
230,521640036
230,408582724
230,533649687
230,373699952
230,547940466
230,533691267
230,607782759
230,489350077
230,359515595
230,506024088
230,606122642
230,649605295
230,533203413
230,443439411
230,457646086
230,583151971
230,723472857
230,438987259
230,548846664
230,723473597
230,460397797
230,541421663
230,527535788
230,471847456
230,632941150
230,548895272
230,490680742
230,424169949
230,693401806
230,480234829
230,500691517
230,465927454
230,545507414
230,582760540
230,420704273
235,612359492
235,654629763
235,593533730
235,648436567
235,554140021
235,584049067
235,471677602
235,516841525
235,567327240
235,653007272
235,472328353
235,530611305
235,594182520
235,517794856
235,550701547
235,633321148
235,574412429
235,537357515
235,543457652
235,485236308
235,631369519
235,607094964
235,504974899
235,524065683
235,599576085
235,720352743
235,715174834
235,574588109
235,473671216
235,681968687
235,372365437
235,491920335
235,503041316
235,702801098
235,492237795
235,508809496
235,508283519
235,619759878
235,659396826
235,496062344
235,559608230
235,531167909
235,496741158
235,599126817
235,636568544
235,538199202
235,381702429
235,656041179
235,618015655
235,614925893
235,502972995
235,601646663
235,671672495
235,589501120
235,598463051
235,529375081
235,587762548
235,468090908
235,542403335
235,437107748
235,539591692
235,366672019
235,569313027
235,694007774
235,643806575
235,544337252
235,759885688
235,650917351
235,606438420
235,389283966
235,653069014
235,722128385
235,573496612
235,658655337
235,579538645
235,637108899
235,562779005
235,499200482
235,439162346
235,642028366
235,484982557
235,586510107
235,479555374
235,632123939
235,503417200
235,495168579
235,716932430
235,488849924
235,711760600
235,569622414
235,532459841
235,538094402
235,674944887
235,689713340
235,602615075
235,576930512
235,569569312
235,483730584
235,590031759
235,684256716
240,591518025
240,647112447
240,540591904
240,561679161
240,734429496
240,563591536
240,658845005
240,573355622
240,582238433
240,817816597
240,630403071
240,867215786
240,484014862
240,571860401
240,510029454
240,704051585
240,723018561
240,597214581
240,538349075
240,563845783
240,603650879
240,592019005
240,444628595
240,560882238
240,688856886
240,528851414
240,610230656
240,486245779
240,595794462
240,814453075
240,610936021
240,602622862
240,442815593
240,583184951
240,633258258
240,650060530
240,576944386
240,684961358
240,701494528
240,601717748
240,537778858
240,581586927
240,644486361
240,576783645
240,675213250
240,577402115
240,552378596
240,463444537
240,514067227
240,666308055
240,616368431
240,744019460
240,401343566
240,476417213
240,592952498
240,509653548
240,603509233
240,510904300
240,527773416
240,664621687
240,656133918
240,566134398
240,698422574
240,595496564
240,525544343
240,596033803
240,733190652
240,632065810
240,891232506
240,544661925
240,620575584
240,605597468
240,597000885
240,596803163
240,604899407
240,593707604
240,648753728
240,551864491
240,678037116
240,623814167
240,746214870
240,561797889
240,779842687
240,552734900
240,645786643
240,632677798
240,676454177
240,645206057
240,547544978
240,669350139
240,609242933
240,606586332
240,757700089
240,630622925
240,548633084
240,535578850
240,546628675
240,570142420
240,549196939
240,569984653
245,716827605
245,782765300
245,615249813
245,846707592
245,692172446
245,646876227
245,582293560
245,670293037
245,696329299
245,676265230
245,672815213
245,723203544
245,597571615
245,596183355
245,860365482
245,678176089
245,901623000
245,833524100
245,577088096
245,830287321
245,723405369
245,578339340
245,525394982
245,642807413
245,550528599
245,653326228
245,611755131
245,717368266
245,480320796
245,716649313
245,598005066
245,678502678
245,573651047
245,769831232
245,663856108
245,635108559
245,690467952
245,562263762
245,686085538
245,650300489
245,623889945
245,788285334
245,723459181
245,863181572
245,585591688
245,758448601
245,591982238
245,657993284
245,713627724
245,519404938
245,574407159
245,674755561
245,620613179
245,618895471
245,628006811
245,821069940
245,786021244
245,691223392
245,542157292
245,676048731
245,578902134
245,515215035
245,715067519
245,730012686
245,619818760
245,708932334
245,843627879
245,469578465
245,897256585
245,560698555
245,701509813
245,648530028
245,634277289
245,626845113
245,638171099
245,841943871
245,658290084
245,519772323
245,500716284
245,664891141
245,669711415
245,544632866
245,532112574
245,770723415
245,764193330
245,615918808
245,642102936
245,659281188
245,509084590
245,610536107
245,693606962
245,612126853
245,700805176
245,657194653
245,710527368
245,593916129
245,727534297
245,657617914
245,816053458
245,775634121
250,705538099
250,587688477
250,943359675
250,651349335
250,927425684
250,890349301
250,874263398
250,854733407
250,825124124
250,623257683
250,428056546
250,694185335
250,624767551
250,579703037
250,749300935
250,816412379
250,822895539
250,662615230
250,660986359
250,712939892
250,853592156
250,893334380
250,839423509
250,747279718
250,669471647
250,778976546
250,578024331
250,758242184
250,616465455
250,771485221
250,832551495
250,665507670
250,693213538
250,684473205
250,825667594
250,622167229
250,805298022
250,779790323
250,704377226
250,875705430
250,832473377
250,728349517
250,696938004
250,532425481
250,678037921
250,779013695
250,716200935
250,1004952475
250,686411665
250,743881877
250,655830374
250,664348054
250,816474947
250,693144521
250,584006361
250,592399930
250,687315658
250,602012677
250,839867689
250,682360110
250,660657372
250,802215587
250,665502372
250,516219616
250,763812675
250,708934050
250,827806420
250,858063998
250,584758247
250,649990442
250,561604315
250,598026777
250,659729746
250,651500870
250,939926130
250,680598990
250,919433632
250,904800871
250,793568397
250,787043615
250,757602504
250,643847444
250,798926886
250,782288378
250,724544869
250,838715639
250,933324978
250,677475858
250,864212879
250,782878706
250,613771338
250,632773819
250,707999897
250,747308894
250,584290000
250,730231425
250,574366808
250,572605373
250,786330217
250,770149597
255,816354455
255,789838008
255,887619891
255,887524629
255,912839365
255,654815955
255,745576750
255,686964741
255,597023066
255,805178440
255,688620720
255,852355095
255,856785995
255,789520112
255,903576419
255,652745833
255,813946523
255,788723704
255,762220666
255,909611409
255,861196587
255,622317777
255,746395202
255,825831200
255,626971129
255,804890934
255,746672416
255,842620302
255,788621267
255,853074028
255,859985605
255,693467431
255,779630829
255,729199434
255,781261174
255,693795769
255,460215643
255,581800102
255,783985120
255,603532952
255,938981195
255,889394409
255,850183331
255,835319595
255,925239283
255,939789638
255,750845490
255,804147081
255,873406287
255,625131927
255,700638573
255,856543025
255,840984354
255,583409652
255,817104402
255,867960168
255,795344667
255,686106110
255,887532155
255,888366989
255,742391948
255,690201978
255,734453548
255,677315213
255,847415920
255,834737147
255,528545832
255,546652304
255,946410852
255,618055828
255,736722961
255,513071882
255,894004513
255,734552530
255,623635505
255,860289016
255,706203335
255,850731519
255,792020951
255,800350338
255,754895238
255,648792967
255,790433989
255,606723498
255,808720937
255,801046609
255,684543764
255,1052181616
255,843057767
255,770193551
255,823784435
255,714906468
255,629121680
255,847358834
255,737867158
255,682966724
255,685646174
255,905798002
255,970735900
255,878884704
260,904415609
260,789957478
260,734824397
260,938562186
260,882900953
260,831724677
260,662172854
260,762433689
260,940813228
260,1058746043
260,977176617
260,889311767
260,711232622
260,712738156
260,939213838
260,683898521
260,881397046
260,616043918
260,749826793
260,685188312
260,850551318
260,861346226
260,924046362
260,731892979
260,746979238
260,817838902
260,720830717
260,950689660
260,881360883
260,650721169
260,753383064
260,941783588
260,911150457
260,956874460
260,751925309
260,941851830
260,877312245
260,714668567
260,701901579
260,809363771
260,867167928
260,951637027
260,752882024
260,925809362
260,788727459
260,917559531
260,755173921
260,823718675
260,740494700
260,846728681
260,794439883
260,968010885
260,951365944
260,815096102
260,815868399
260,800543626
260,876786185
260,959476057
260,781596059
260,896383761
260,887402517
260,1049928468
260,869245788
260,908245589
260,732489777
260,819267954
260,813419952
260,793077587
260,915977262
260,847830585
260,622548214
260,924023211
260,663071360
260,725378292
260,715913484
260,960577336
260,767352178
260,899205127
260,792509317
260,678406552
260,737605366
260,845553436
260,892702134
260,881130039
260,998446352
260,745565025
260,585272186
260,669420697
260,847338028
260,1018777283
260,1013892061
260,772787716
260,834991229
260,749660989
260,777485244
260,617656694
260,1056273592
260,798610244
260,992419992
260,944309607
265,678898560
265,674257254
265,934881659
265,1024824116
265,857662798
265,876192342
265,747734281
265,960004004
265,844998117
265,752617883
265,874554730
265,936191091
265,839782753
265,903232613
265,954041582
265,934154236
265,796174853
265,935996152
265,963711724
265,870407086
265,739680525
265,916762417
265,717246006
265,811593100
265,810767353
265,753478871
265,1120488348
265,940690604
265,769523103
265,826441185
265,1116649421
265,718016091
265,908790572
265,695728236
265,1042932728
265,1056450590
265,1044104619
265,764894362
265,942231168
265,677373940
265,1247660107
265,621828819
265,851682285
265,824955254
265,861548104
265,1136923649
265,1045895898
265,681429714
265,742662930
265,877485404
265,936166723
265,935048139
265,983141451
265,1080048439
265,1067470093
265,937723118
265,1112632545
265,968788632
265,825806326
265,861964806
265,780901551
265,1033552446
265,798719515
265,1043749002
265,988309867
265,1131823509
265,906906822
265,862561968
265,824279481
265,875513109
265,972658419
265,891058387
265,996582657
265,1017590893
265,930651125
265,843800248
265,902226313
265,1045574030
265,936017478
265,1102351027
265,619045789
265,868425041
265,985625471
265,866224366
265,939552542
265,878144037
265,1072227842
265,866140485
265,851320791
265,936996824
265,737048694
265,958006648
265,821660247
265,975927671
265,1078661354
265,859054321
265,997626704
265,1069078305
265,1059578524
265,823504682
270,823341645
270,1165998457
270,1288153200
270,892709854
270,939945649
270,1061256694
270,1115816731
270,945117728
270,904862828
270,1080168301
270,949062122
270,1040043023
270,816563258
270,972115943
270,1170811011
270,1316638515
270,1007826925
270,916239246
270,990552750
270,955235841
270,1316517993
270,918290427
270,991005201
270,852063030
270,954088115
270,1096004959
270,952384294
270,866776262
270,861400727
270,1049347866
270,883930482
270,924991777
270,999146864
270,938159403
270,999685584
270,862056209
270,831893297
270,917801772
270,926584899
270,907500276
270,1015540561
270,789785081
270,911990593
270,852948745
270,1085704932
270,993599041
270,975649415
270,850706432
270,877880631
270,811776232
270,971934213
270,909106716
270,978568640
270,1040549613
270,1088909915
270,810559119
270,850631629
270,991964376
270,767458463
270,890615591
270,839677783
270,956068517
270,849553767
270,926612548
270,1043871015
270,1072951023
270,861124331
270,1248997360
270,941234219
270,1036380659
270,965945802
270,934757076
270,965222953
270,868312235
270,1016509418
270,899669610
270,902334041
270,1261831419
270,966235704
270,1044453434
270,1018114587
270,863517828
270,824412573
270,817174261
270,1249251740
270,1070706622
270,1062735689
270,1118934828
270,969066604
270,821948524
270,1146423887
270,858545733
270,1038088410
270,1013390550
270,852180446
270,920461533
270,970460676
270,784647346
270,559017904
270,856670167
275,944400765
275,841915569
275,1120194363
275,784298369
275,750487437
275,1001781928
275,999605484
275,1180501879
275,1234623831
275,810009740
275,951413956
275,1090804714
275,826520251
275,978078383
275,1126664479
275,769632271
275,1000662301
275,1062992849
275,1141596019
275,1139796730
275,1063060520
275,815106059
275,968448703
275,1198770470
275,1042678980
275,964012107
275,1048436619
275,1259269862
275,1273213457
275,942307616
275,1118505476
275,834116453
275,1067076084
275,1139289594
275,1103993525
275,1059754045
275,1299159651
275,1114629335
275,771984053
275,1234099108
275,1200746047
275,1215758635
275,1292784292
275,1010542023
275,1021691289
275,1030435963
275,1304977572
275,1073783426
275,1119794762
275,1019579805
275,1018907679
275,1027408606
275,838026867
275,1127413456
275,919529437
275,1077088499
275,1076931671
275,1115061344
275,1051492758
275,1251050108
275,1036936354
275,1172507919
275,1168688582
275,869975177
275,975472754
275,1025078809
275,1249915961
275,1117641973
275,1032393127
275,1100681457
275,928744898
275,1017819835
275,982703617
275,1012107792
275,1102263198
275,841516884
275,932101743
275,1054279681
275,950338476
275,789726968
275,1070957991
275,1331743671
275,1076530486
275,898401729
275,1084526840
275,1095234786
275,919515427
275,927660088
275,972580534
275,1023979469
275,1234878734
275,1053224943
275,954124731
275,1129183550
275,826964206
275,1198245113
275,841146743
275,803292750
275,1033522395
275,1071253171
280,1154519276
280,1244812769
280,1163987991
280,1167561709
280,1125753608
280,991288232
280,1102140040
280,1338081807
280,1002216033
280,1164294630
280,976776154
280,1022521884
280,1167624169
280,1305414340
280,953212218
280,1107737266
280,1185645889
280,709466820
280,1171089088
280,1045879566
280,1194219976
280,1181401526
280,1250154202
280,904066950
280,964958389
280,897452656
280,1165348797
280,877854844
280,1208527811
280,1003624124
280,1186524230
280,1207824250
280,1301097423
280,1182393936
280,1342521045
280,1092462670
280,948332897
280,1101925713
280,1168022312
280,1092120131
280,1360291000
280,1259708054
280,1203852058
280,1159437885
280,895097750
280,1172053888
280,1015964719
280,1117530563
280,909902640
280,1268622610
280,1297776050
280,1263558283
280,1063954867
280,1220402477
280,1217543865
280,1327893591
280,1205965904
280,1064694003
280,1244156259
280,931185223
280,1025954256
280,1159052024
280,1137234939
280,1064694498
280,1005939445
280,1311940390
280,1050537614
280,1149434624
280,1178971431
280,1179044164
280,1053284816
280,1126582760
280,1308236096
280,1075087758
280,1149139444
280,1201845101
280,726360124
280,1147854694
280,1255632595
280,895159799
280,1052176433
280,1036304027
280,875148011
280,937621180
280,1075966886
280,956022004
280,1316084710
280,1103675205
280,979413851
280,1031768209
280,1183934259
280,1280268946
280,972816628
280,1202841619
280,1078545893
280,1100718050
280,1031385479
280,1089396375
280,1251436127
280,1417764484
285,1488466100
285,995527224
285,1203827949
285,1284768646
285,1046040108
285,955915465
285,1206893631
285,1399693090
285,1287684900
285,1374087632
285,1146553952
285,1334893712
285,1078063472
285,1233776886
285,1108580281
285,1494792101
285,875535332
285,1085610736
285,991438218
285,1050612221
285,943345938
285,1296912434
285,971039574
285,1239516538
285,1290926809
285,1161600541
285,1033572007
285,1205703853
285,1260860542
285,1304672809
285,1397271772
285,1044737242
285,933411767
285,1425307752
285,1141056184
285,1120368480
285,1404392975
285,1041757249
285,1148759527
285,1131553881
285,1427924640
285,1194029309
285,1061775136
285,1502304809
285,1105540566
285,1130920250
285,1390519454
285,1017177525
285,1255236860
285,1146341312
285,981775315
285,1102724785
285,1326870066
285,1180481245
285,969095771
285,933707421
285,1115602195
285,1106660082
285,1358357366
285,1136456065
285,1220546659
285,1211765466
285,1153318655
285,1176479244
285,1003549865
285,1331460929
285,897066655
285,859617386
285,1166535094
285,1026592753
285,1289886429
285,1036955648
285,1416954225
285,1211475688
285,1184586385
285,1340015978
285,1232410864
285,1030197234
285,1344947049
285,1435910095
285,1358532768
285,920968320
285,1389470895
285,1116806937
285,1159829315
285,1032276563
285,1189169162
285,827753991
285,1286420275
285,1114263292
285,906319053
285,1131884349
285,1198924491
285,1130250766
285,1001316025
285,1218540337
285,1159052633
285,1269150698
285,1309088498
285,1068243219
290,1113649884
290,1340284154
290,1084407311
290,1365615757
290,1283561894
290,1217648192
290,1344286006
290,1145250056
290,1361738268
290,1107724237
290,1178402833
290,1120475676
290,913295381
290,1489691082
290,818876466
290,1327759408
290,1337235019
290,1296942379
290,1210769470
290,1318614658
290,1368298211
290,1413062484
290,1123575647
290,1397327926
290,1221410689
290,1274689172
290,1537689638
290,1335631979
290,1121185236
290,1250638850
290,1533558885
290,1112990734
290,1455769310
290,1038781482
290,1318439952
290,1211543232
290,1241677609
290,1468187104
290,1261937540
290,1443326369
290,1150059246
290,1176094989
290,1250491745
290,1214389215
290,1207778499
290,1142911072
290,1301803587
290,1039277666
290,1083623168
290,1120518576
290,1279656662
290,1205031333
290,1322242295
290,1255900697
290,1282991346
290,1405367584
290,1243663361
290,1330350309
290,1370769697
290,1285120775
290,1099600610
290,1519417426
290,1139014765
290,1088415301
290,1050934418
290,1272070224
290,1147930339
290,1282874531
290,1272750458
290,925034396
290,1282627533
290,1227320755
290,1237414541
290,1287768885
290,1284697573
290,1233170599
290,1535595816
290,1672052328
290,1319568026
290,1243844469
290,1370197008
290,1401736909
290,1093978806
290,1075538583
290,1639987058
290,1201430106
290,1276148727
290,1103441885
290,1119869825
290,972370878
290,1649405402
290,1278461756
290,1363256629
290,1069944646
290,1271392751
290,1122622037
290,1265768217
290,1382011910
290,1019970290
290,1276849388
295,1352023184
295,1420331741
295,1401221031
295,1289174680
295,1116825825
295,1549758461
295,1466450134
295,1271296861
295,1634313538
295,1593008629
295,1451201407
295,1348162635
295,1338094292
295,1396674773
295,1350220649
295,1422159979
295,1669616528
295,1349748412
295,1199531717
295,1571665038
295,1370756163
295,1589910025
295,1494192487
295,1533356967
295,1188682653
295,1426048722
295,1095845420
295,1527296989
295,1223082222
295,1188086451
295,1384907763
295,1181360635
295,1344345276
295,1193836341
295,1354645530
295,1441246209
295,1295344574
295,1317198238
295,1575924546
295,1563361918
295,1455012366
295,1425344533
295,1323721581
295,1446197086
295,1813578118
295,1081902916
295,1413294586
295,1417759698
295,1173122721
295,1419179965
295,1784710046
295,1711745227
295,1187734513
295,1280607129
295,1322019216
295,1329187303
295,1376162138
295,1134821991
295,1070915316
295,1113463250
295,1190916177
295,1302673449
295,1364305439
295,1312522101
295,1074156536
295,1395776438
295,1283583290
295,1153900733
295,1306555632
295,1279164935
295,1102554548
295,1199511844
295,1243627050
295,1771170766
295,1522918354
295,1235568084
295,1515690508
295,1134978156
295,1444862232
295,1363579217
295,1212755663
295,1685615631
295,1396810183
295,1199671594
295,1073990161
295,1072644299
295,1500596155
295,1086111210
295,1471147273
295,1305834598
295,1019024673
295,1197216189
295,1483973328
295,1492874071
295,1424815665
295,1675447805
295,1088758646
295,1413902652
295,1618601100
295,1330436567
300,1772903137
300,1631018996
300,1509659759
300,1421390943
300,1362830838
300,1558458843
300,1551472082
300,1421782931
300,1295084714
300,1184643815
300,1611669966
300,1481152130
300,1378774136
300,1341592482
300,1454592567
300,1512564127
300,1840259450
300,1354487752
300,1436548288
300,1321334064
300,1752913205
300,1456503655
300,1728784787
300,1300526321
300,1258072879
300,1452853712
300,1623898345
300,1286743616
300,1437358184
300,1480566428
300,1627737552
300,1548423935
300,1264805960
300,1552568966
300,1302428202
300,1387267988
300,1900243495
300,1332682971
300,1481213654
300,1358733139
300,1402732421
300,1640248744
300,1643781878
300,1508099862
300,1520248423
300,1513829201
300,1379381927
300,1409172579
300,1686308710
300,1681400113
300,1562794040
300,1580673883
300,1322382681
300,1515678547
300,1425424149
300,1447645476
300,1529768743
300,1704502626
300,1530967955
300,1757151782
300,1741533597
300,1571902635
300,1381614822
300,1687949634
300,1837562826
300,1356918230
300,1519654281
300,1248934785
300,1516227675
300,1595338779
300,996742084
300,1424207244
300,1274677242
300,1473399960
300,1581734871
300,1433036693
300,1252089126
300,1121655126
300,1522570063
300,1495116211
300,1497746069
300,1210988401
300,1354400137
300,1518999528
300,1363650167
300,1553722472
300,1366581469
300,1573095276
300,1336178378
300,1288615660
300,1568416049
300,1639249764
300,1731219030
300,1055497718
300,1281041534
300,1472883096
300,1438508471
300,1270512010
300,1718062258
300,1516074183
